[
  {"code": "001", "name": "Changamwe", "slug": "changamwe", "county_code": "001"},
  {"code": "002", "name": "Jomvu", "slug": "jomvu", "county_code": "001"},
  {"code": "003", "name": "Kisauni", "slug": "kisauni", "county_code": "001"},
  {"code": "004", "name": "Nyali", "slug": "nyali", "county_code": "001"},
  {"code": "005", "name": "Likoni", "slug": "likoni", "county_code": "001"},
  {"code": "006", "name": "Mvita", "slug": "mvita", "county_code": "001"},
  {"code": "007", "name": "Msambweni", "slug": "msambweni", "county_code": "002"},
  {"code": "008", "name": "Lunga Lunga", "slug": "lunga-lunga", "county_code": "002"},
  {"code": "009", "name": "Matuga", "slug": "matuga", "county_code": "002"},
  {"code": "010", "name": "Kinango", "slug": "kinango", "county_code": "002"},
  {"code": "011", "name": "Kilifi North", "slug": "kilifi-north", "county_code": "003"},
  {"code": "012", "name": "Kilifi South", "slug": "kilifi-south", "county_code": "003"},
  {"code": "013", "name": "Kaloleni", "slug": "kaloleni", "county_code": "003"},
  {"code": "014", "name": "Rabai", "slug": "rabai", "county_code": "003"},
  {"code": "015", "name": "Ganze", "slug": "ganze", "county_code": "003"},
  {"code": "016", "name": "Malindi", "slug": "malindi", "county_code": "003"},
  {"code": "017", "name": "Magarini", "slug": "magarini", "county_code": "003"},
  {"code": "018", "name": "Garsen", "slug": "garsen", "county_code": "004"},
  {"code": "019", "name": "Galole", "slug": "galole", "county_code": "004"},
  {"code": "020", "name": "Bura", "slug": "bura", "county_code": "004"},
  {"code": "021", "name": "Lamu East", "slug": "lamu-east", "county_code": "005"},
  {"code": "022", "name": "Lamu West", "slug": "lamu-west", "county_code": "005"},
  {"code": "023", "name": "Taveta", "slug": "taveta", "county_code": "006"},
  {"code": "024", "name": "Wundanyi", "slug": "wundanyi", "county_code": "006"},
  {"code": "025", "name": "Mwatate", "slug": "mwatate", "county_code": "006"},
  {"code": "026", "name": "Voi", "slug": "voi", "county_code": "006"},
  {"code": "027", "name": "Garissa Township", "slug": "garissa-township", "county_code": "007"},
  {"code": "028", "name": "Balambala", "slug": "balambala", "county_code": "007"},
  {"code": "029", "name": "Lagdera", "slug": "lagdera", "county_code": "007"},
  {"code": "030", "name": "Dadaab", "slug": "dadaab", "county_code": "007"},
  {"code": "031", "name": "Fafi", "slug": "fafi", "county_code": "007"},
  {"code": "032", "name": "Ijara", "slug": "ijara", "county_code": "007"},
  {"code": "033", "name": "Wajir North", "slug": "wajir-north", "county_code": "008"},
  {"code": "034", "name": "Wajir East", "slug": "wajir-east", "county_code": "008"},
  {"code": "035", "name": "Tarbaj", "slug": "tarbaj", "county_code": "008"},
  {"code": "036", "name": "Wajir West", "slug": "wajir-west", "county_code": "008"},
  {"code": "037", "name": "Eldas", "slug": "eldas", "county_code": "008"},
  {"code": "038", "name": "Wajir South", "slug": "wajir-south", "county_code": "008"},
  {"code": "039", "name": "Mandera West", "slug": "mandera-west", "county_code": "009"},
  {"code": "040", "name": "Banissa", "slug": "banissa", "county_code": "009"},
  {"code": "041", "name": "Mandera North", "slug": "mandera-north", "county_code": "009"},
  {"code": "042", "name": "Mandera South", "slug": "mandera-south", "county_code": "009"},
  {"code": "043", "name": "Mandera East", "slug": "mandera-east", "county_code": "009"},
  {"code": "044", "name": "Lafey", "slug": "lafey", "county_code": "009"},
  {"code": "045", "name": "Moyale", "slug": "moyale", "county_code": "010"},
  {"code": "046", "name": "North Horr", "slug": "north-horr", "county_code": "010"},
  {"code": "047", "name": "Saku", "slug": "saku", "county_code": "010"},
  {"code": "048", "name": "Laisamis", "slug": "laisamis", "county_code": "010"},
  {"code": "049", "name": "Isiolo North", "slug": "isiolo-north", "county_code": "011"},
  {"code": "050", "name": "Isiolo South", "slug": "isiolo-south", "county_code": "011"},
  {"code": "051", "name": "Igembe South", "slug": "igembe-south", "county_code": "012"},
  {"code": "052", "name": "Igembe Central", "slug": "igembe-central", "county_code": "012"},
  {"code": "053", "name": "Igembe North", "slug": "igembe-north", "county_code": "012"},
  {"code": "054", "name": "Tigania West", "slug": "tigania-west", "county_code": "012"},
  {"code": "055", "name": "Tigania East", "slug": "tigania-east", "county_code": "012"},
  {"code": "056", "name": "North Imenti", "slug": "north-imenti", "county_code": "012"},
  {"code": "057", "name": "Buuri", "slug": "buuri", "county_code": "012"},
  {"code": "058", "name": "Central Imenti", "slug": "central-imenti", "county_code": "012"},
  {"code": "059", "name": "South Imenti", "slug": "south-imenti", "county_code": "012"},
  {"code": "060", "name": "Maara", "slug": "maara", "county_code": "013"},
  {"code": "061", "name": "Chuka/Igambang'ombe", "slug": "chuka-igambangombe", "county_code": "013"},
  {"code": "062", "name": "Tharaka", "slug": "tharaka", "county_code": "013"},
  {"code": "063", "name": "Manyatta", "slug": "manyatta", "county_code": "014"},
  {"code": "064", "name": "Runyenjes", "slug": "runyenjes", "county_code": "014"},
  {"code": "065", "name": "Mbeere South", "slug": "mbeere-south", "county_code": "014"},
  {"code": "066", "name": "Mbeere North", "slug": "mbeere-north", "county_code": "014"},
  {"code": "067", "name": "Mwingi North", "slug": "mwingi-north", "county_code": "015"},
  {"code": "068", "name": "Mwingi West", "slug": "mwingi-west", "county_code": "015"},
  {"code": "069", "name": "Mwingi Central", "slug": "mwingi-central", "county_code": "015"},
  {"code": "070", "name": "Kitui West", "slug": "kitui-west", "county_code": "015"},
  {"code": "071", "name": "Kitui Rural", "slug": "kitui-rural", "county_code": "015"},
  {"code": "072", "name": "Kitui Central", "slug": "kitui-central", "county_code": "015"},
  {"code": "073", "name": "Kitui East", "slug": "kitui-east", "county_code": "015"},
  {"code": "074", "name": "Kitui South", "slug": "kitui-south", "county_code": "015"},
  {"code": "075", "name": "Masinga", "slug": "masinga", "county_code": "016"},
  {"code": "076", "name": "Yatta", "slug": "yatta", "county_code": "016"},
  {"code": "077", "name": "Kangundo", "slug": "kangundo", "county_code": "016"},
  {"code": "078", "name": "Matungulu", "slug": "matungulu", "county_code": "016"},
  {"code": "079", "name": "Kathiani", "slug": "kathiani", "county_code": "016"},
  {"code": "080", "name": "Mavoko", "slug": "mavoko", "county_code": "016"},
  {"code": "081", "name": "Machakos Town", "slug": "machakos-town", "county_code": "016"},
  {"code": "082", "name": "Mwala", "slug": "mwala", "county_code": "016"},
  {"code": "083", "name": "Mbooni", "slug": "mbooni", "county_code": "017"},
  {"code": "084", "name": "Kilome", "slug": "kilome", "county_code": "017"},
  {"code": "085", "name": "Kaiti", "slug": "kaiti", "county_code": "017"},
  {"code": "086", "name": "Makueni", "slug": "makueni", "county_code": "017"},
  {"code": "087", "name": "Kibwezi West", "slug": "kibwezi-west", "county_code": "017"},
  {"code": "088", "name": "Kibwezi East", "slug": "kibwezi-east", "county_code": "017"},
  {"code": "089", "name": "Kinangop", "slug": "kinangop", "county_code": "018"},
  {"code": "090", "name": "Kipipiri", "slug": "kipipiri", "county_code": "018"},
  {"code": "091", "name": "Ol Kalou", "slug": "ol-kalou", "county_code": "018"},
  {"code": "092", "name": "Ol Jorok", "slug": "ol-jorok", "county_code": "018"},
  {"code": "093", "name": "Ndaragwa", "slug": "ndaragwa", "county_code": "018"},
  {"code": "094", "name": "Tetu", "slug": "tetu", "county_code": "019"},
  {"code": "095", "name": "Kieni", "slug": "kieni", "county_code": "019"},
  {"code": "096", "name": "Mathira", "slug": "mathira", "county_code": "019"},
  {"code": "097", "name": "Othaya", "slug": "othaya", "county_code": "019"},
  {"code": "098", "name": "Mukurweini", "slug": "mukurweini", "county_code": "019"},
  {"code": "099", "name": "Nyeri Town", "slug": "nyeri-town", "county_code": "019"},
  {"code": "100", "name": "Mwea", "slug": "mwea", "county_code": "020"},
  {"code": "101", "name": "Gichugu", "slug": "gichugu", "county_code": "020"},
  {"code": "102", "name": "Ndia", "slug": "ndia", "county_code": "020"},
  {"code": "103", "name": "Kirinyaga Central", "slug": "kirinyaga-central", "county_code": "020"},
  {"code": "104", "name": "Kangema", "slug": "kangema", "county_code": "021"},
  {"code": "105", "name": "Mathioya", "slug": "mathioya", "county_code": "021"},
  {"code": "106", "name": "Kiharu", "slug": "kiharu", "county_code": "021"},
  {"code": "107", "name": "Kigumo", "slug": "kigumo", "county_code": "021"},
  {"code": "108", "name": "Maragwa", "slug": "maragwa", "county_code": "021"},
  {"code": "109", "name": "Kandara", "slug": "kandara", "county_code": "021"},
  {"code": "110", "name": "Gatanga", "slug": "gatanga", "county_code": "021"},
  {"code": "111", "name": "Gatundu South", "slug": "gatundu-south", "county_code": "022"},
  {"code": "112", "name": "Gatundu North", "slug": "gatundu-north", "county_code": "022"},
  {"code": "113", "name": "Juja", "slug": "juja", "county_code": "022"},
  {"code": "114", "name": "Thika Town", "slug": "thika-town", "county_code": "022"},
  {"code": "115", "name": "Ruiru", "slug": "ruiru", "county_code": "022"},
  {"code": "116", "name": "Githunguri", "slug": "githunguri", "county_code": "022"},
  {"code": "117", "name": "Kiambu", "slug": "kiambu", "county_code": "022"},
  {"code": "118", "name": "Kiambaa", "slug": "kiambaa", "county_code": "022"},
  {"code": "119", "name": "Kabete", "slug": "kabete", "county_code": "022"},
  {"code": "120", "name": "Kikuyu", "slug": "kikuyu", "county_code": "022"},
  {"code": "121", "name": "Limuru", "slug": "limuru", "county_code": "022"},
  {"code": "122", "name": "Lari", "slug": "lari", "county_code": "022"},
  {"code": "123", "name": "Turkana North", "slug": "turkana-north", "county_code": "023"},
  {"code": "124", "name": "Turkana West", "slug": "turkana-west", "county_code": "023"},
  {"code": "125", "name": "Turkana Central", "slug": "turkana-central", "county_code": "023"},
  {"code": "126", "name": "Loima", "slug": "loima", "county_code": "023"},
  {"code": "127", "name": "Turkana South", "slug": "turkana-south", "county_code": "023"},
  {"code": "128", "name": "Turkana East", "slug": "turkana-east", "county_code": "023"},
  {"code": "129", "name": "Kapenguria", "slug": "kapenguria", "county_code": "024"},
  {"code": "130", "name": "Sigor", "slug": "sigor", "county_code": "024"},
  {"code": "131", "name": "Kacheliba", "slug": "kacheliba", "county_code": "024"},
  {"code": "132", "name": "Pokot South", "slug": "pokot-south", "county_code": "024"},
  {"code": "133", "name": "Samburu West", "slug": "samburu-west", "county_code": "025"},
  {"code": "134", "name": "Samburu North", "slug": "samburu-north", "county_code": "025"},
  {"code": "135", "name": "Samburu East", "slug": "samburu-east", "county_code": "025"},
  {"code": "136", "name": "Kwanza", "slug": "kwanza", "county_code": "026"},
  {"code": "137", "name": "Endebess", "slug": "endebess", "county_code": "026"},
  {"code": "138", "name": "Saboti", "slug": "saboti", "county_code": "026"},
  {"code": "139", "name": "Kiminini", "slug": "kiminini", "county_code": "026"},
  {"code": "140", "name": "Cherangany", "slug": "cherangany", "county_code": "026"},
  {"code": "141", "name": "Soy", "slug": "soy", "county_code": "027"},
  {"code": "142", "name": "Turbo", "slug": "turbo", "county_code": "027"},
  {"code": "143", "name": "Moiben", "slug": "moiben", "county_code": "027"},
  {"code": "144", "name": "Ainabkoi", "slug": "ainabkoi", "county_code": "027"},
  {"code": "145", "name": "Kapseret", "slug": "kapseret", "county_code": "027"},
  {"code": "146", "name": "Kesses", "slug": "kesses", "county_code": "027"},
  {"code": "147", "name": "Marakwet East", "slug": "marakwet-east", "county_code": "028"},
  {"code": "148", "name": "Marakwet West", "slug": "marakwet-west", "county_code": "028"},
  {"code": "149", "name": "Keiyo North", "slug": "keiyo-north", "county_code": "028"},
  {"code": "150", "name": "Keiyo South", "slug": "keiyo-south", "county_code": "028"},
  {"code": "151", "name": "Tinderet", "slug": "tinderet", "county_code": "029"},
  {"code": "152", "name": "Aldai", "slug": "aldai", "county_code": "029"},
  {"code": "153", "name": "Nandi Hills", "slug": "nandi-hills", "county_code": "029"},
  {"code": "154", "name": "Chesumei", "slug": "chesumei", "county_code": "029"},
  {"code": "155", "name": "Emgwen", "slug": "emgwen", "county_code": "029"},
  {"code": "156", "name": "Mosop", "slug": "mosop", "county_code": "029"},
  {"code": "157", "name": "Tiaty", "slug": "tiaty", "county_code": "030"},
  {"code": "158", "name": "Baringo North", "slug": "baringo-north", "county_code": "030"},
  {"code": "159", "name": "Baringo Central", "slug": "baringo-central", "county_code": "030"},
  {"code": "160", "name": "Baringo South", "slug": "baringo-south", "county_code": "030"},
  {"code": "161", "name": "Mogotio", "slug": "mogotio", "county_code": "030"},
  {"code": "162", "name": "Eldama Ravine", "slug": "eldama-ravine", "county_code": "030"},
  {"code": "163", "name": "Laikipia West", "slug": "laikipia-west", "county_code": "031"},
  {"code": "164", "name": "Laikipia East", "slug": "laikipia-east", "county_code": "031"},
  {"code": "165", "name": "Laikipia North", "slug": "laikipia-north", "county_code": "031"},
  {"code": "166", "name": "Molo", "slug": "molo", "county_code": "032"},
  {"code": "167", "name": "Njoro", "slug": "njoro", "county_code": "032"},
  {"code": "168", "name": "Naivasha", "slug": "naivasha", "county_code": "032"},
  {"code": "169", "name": "Gilgil", "slug": "gilgil", "county_code": "032"},
  {"code": "170", "name": "Kuresoi South", "slug": "kuresoi-south", "county_code": "032"},
  {"code": "171", "name": "Kuresoi North", "slug": "kuresoi-north", "county_code": "032"},
  {"code": "172", "name": "Subukia", "slug": "subukia", "county_code": "032"},
  {"code": "173", "name": "Rongai", "slug": "rongai", "county_code": "032"},
  {"code": "174", "name": "Bahati", "slug": "bahati", "county_code": "032"},
  {"code": "175", "name": "Nakuru Town East", "slug": "nakuru-town-east", "county_code": "032"},
  {"code": "176", "name": "Nakuru Town West", "slug": "nakuru-town-west", "county_code": "032"},
  {"code": "177", "name": "Kilgoris", "slug": "kilgoris", "county_code": "033"},
  {"code": "178", "name": "Emurua Dikirr", "slug": "emurua-dikirr", "county_code": "033"},
  {"code": "179", "name": "Narok North", "slug": "narok-north", "county_code": "033"},
  {"code": "180", "name": "Narok East", "slug": "narok-east", "county_code": "033"},
  {"code": "181", "name": "Narok South", "slug": "narok-south", "county_code": "033"},
  {"code": "182", "name": "Narok West", "slug": "narok-west", "county_code": "033"},
  {"code": "183", "name": "Kajiado North", "slug": "kajiado-north", "county_code": "034"},
  {"code": "184", "name": "Kajiado Central", "slug": "kajiado-central", "county_code": "034"},
  {"code": "185", "name": "Kajiado East", "slug": "kajiado-east", "county_code": "034"},
  {"code": "186", "name": "Kajiado West", "slug": "kajiado-west", "county_code": "034"},
  {"code": "187", "name": "Kajiado South", "slug": "kajiado-south", "county_code": "034"},
  {"code": "188", "name": "Kipkelion East", "slug": "kipkelion-east", "county_code": "035"},
  {"code": "189", "name": "Kipkelion West", "slug": "kipkelion-west", "county_code": "035"},
  {"code": "190", "name": "Ainamoi", "slug": "ainamoi", "county_code": "035"},
  {"code": "191", "name": "Bureti", "slug": "bureti", "county_code": "035"},
  {"code": "192", "name": "Belgut", "slug": "belgut", "county_code": "035"},
  {"code": "193", "name": "Sigowet/Soin", "slug": "sigowet-soin", "county_code": "035"},
  {"code": "194", "name": "Sotik", "slug": "sotik", "county_code": "036"},
  {"code": "195", "name": "Chepalungu", "slug": "chepalungu", "county_code": "036"},
  {"code": "196", "name": "Bomet East", "slug": "bomet-east", "county_code": "036"},
  {"code": "197", "name": "Bomet Central", "slug": "bomet-central", "county_code": "036"},
  {"code": "198", "name": "Konoin", "slug": "konoin", "county_code": "036"},
  {"code": "199", "name": "Lugari", "slug": "lugari", "county_code": "037"},
  {"code": "200", "name": "Likuyani", "slug": "likuyani", "county_code": "037"},
  {"code": "201", "name": "Malava", "slug": "malava", "county_code": "037"},
  {"code": "202", "name": "Lurambi", "slug": "lurambi", "county_code": "037"},
  {"code": "203", "name": "Navakholo", "slug": "navakholo", "county_code": "037"},
  {"code": "204", "name": "Mumias West", "slug": "mumias-west", "county_code": "037"},
  {"code": "205", "name": "Mumias East", "slug": "mumias-east", "county_code": "037"},
  {"code": "206", "name": "Matungu", "slug": "matungu", "county_code": "037"},
  {"code": "207", "name": "Butere", "slug": "butere", "county_code": "037"},
  {"code": "208", "name": "Khwisero", "slug": "khwisero", "county_code": "037"},
  {"code": "209", "name": "Shinyalu", "slug": "shinyalu", "county_code": "037"},
  {"code": "210", "name": "Ikolomani", "slug": "ikolomani", "county_code": "037"},
  {"code": "211", "name": "Vihiga", "slug": "vihiga", "county_code": "038"},
  {"code": "212", "name": "Sabatia", "slug": "sabatia", "county_code": "038"},
  {"code": "213", "name": "Hamisi", "slug": "hamisi", "county_code": "038"},
  {"code": "214", "name": "Luanda", "slug": "luanda", "county_code": "038"},
  {"code": "215", "name": "Emuhaya", "slug": "emuhaya", "county_code": "038"},
  {"code": "216", "name": "Mount Elgon", "slug": "mount-elgon", "county_code": "039"},
  {"code": "217", "name": "Sirisia", "slug": "sirisia", "county_code": "039"},
  {"code": "218", "name": "Kabuchai", "slug": "kabuchai", "county_code": "039"},
  {"code": "219", "name": "Bumula", "slug": "bumula", "county_code": "039"},
  {"code": "220", "name": "Kanduyi", "slug": "kanduyi", "county_code": "039"},
  {"code": "221", "name": "Webuye East", "slug": "webuye-east", "county_code": "039"},
  {"code": "222", "name": "Webuye West", "slug": "webuye-west", "county_code": "039"},
  {"code": "223", "name": "Kimilili", "slug": "kimilili", "county_code": "039"},
  {"code": "224", "name": "Tongaren", "slug": "tongaren", "county_code": "039"},
  {"code": "225", "name": "Teso North", "slug": "teso-north", "county_code": "040"},
  {"code": "226", "name": "Teso South", "slug": "teso-south", "county_code": "040"},
  {"code": "227", "name": "Nambale", "slug": "nambale", "county_code": "040"},
  {"code": "228", "name": "Matayos", "slug": "matayos", "county_code": "040"},
  {"code": "229", "name": "Butula", "slug": "butula", "county_code": "040"},
  {"code": "230", "name": "Funyula", "slug": "funyula", "county_code": "040"},
  {"code": "231", "name": "Budalangi", "slug": "budalangi", "county_code": "040"},
  {"code": "232", "name": "Ugenya", "slug": "ugenya", "county_code": "041"},
  {"code": "233", "name": "Ugunja", "slug": "ugunja", "county_code": "041"},
  {"code": "234", "name": "Alego Usonga", "slug": "alego-usonga", "county_code": "041"},
  {"code": "235", "name": "Gem", "slug": "gem", "county_code": "041"},
  {"code": "236", "name": "Bondo", "slug": "bondo", "county_code": "041"},
  {"code": "237", "name": "Rarieda", "slug": "rarieda", "county_code": "041"},
  {"code": "238", "name": "Kisumu East", "slug": "kisumu-east", "county_code": "042"},
  {"code": "239", "name": "Kisumu West", "slug": "kisumu-west", "county_code": "042"},
  {"code": "240", "name": "Kisumu Central", "slug": "kisumu-central", "county_code": "042"},
  {"code": "241", "name": "Seme", "slug": "seme", "county_code": "042"},
  {"code": "242", "name": "Nyando", "slug": "nyando", "county_code": "042"},
  {"code": "243", "name": "Muhoroni", "slug": "muhoroni", "county_code": "042"},
  {"code": "244", "name": "Nyakach", "slug": "nyakach", "county_code": "042"},
  {"code": "245", "name": "Kasipul", "slug": "kasipul", "county_code": "043"},
  {"code": "246", "name": "Kabondo Kasipul", "slug": "kabondo-kasipul", "county_code": "043"},
  {"code": "247", "name": "Karachuonyo", "slug": "karachuonyo", "county_code": "043"},
  {"code": "248", "name": "Rangwe", "slug": "rangwe", "county_code": "043"},
  {"code": "249", "name": "Homa Bay Town", "slug": "homa-bay-town", "county_code": "043"},
  {"code": "250", "name": "Ndhiwa", "slug": "ndhiwa", "county_code": "043"},
  {"code": "251", "name": "Suba North", "slug": "suba-north", "county_code": "043"},
  {"code": "252", "name": "Suba South", "slug": "suba-south", "county_code": "043"},
  {"code": "253", "name": "Rongo", "slug": "rongo", "county_code": "044"},
  {"code": "254", "name": "Awendo", "slug": "awendo", "county_code": "044"},
  {"code": "255", "name": "Suna East", "slug": "suna-east", "county_code": "044"},
  {"code": "256", "name": "Suna West", "slug": "suna-west", "county_code": "044"},
  {"code": "257", "name": "Uriri", "slug": "uriri", "county_code": "044"},
  {"code": "258", "name": "Nyatike", "slug": "nyatike", "county_code": "044"},
  {"code": "259", "name": "Kuria West", "slug": "kuria-west", "county_code": "044"},
  {"code": "260", "name": "Kuria East", "slug": "kuria-east", "county_code": "044"},
  {"code": "261", "name": "Bonchari", "slug": "bonchari", "county_code": "045"},
  {"code": "262", "name": "South Mugirango", "slug": "south-mugirango", "county_code": "045"},
  {"code": "263", "name": "Bomachoge Borabu", "slug": "bomachoge-borabu", "county_code": "045"},
  {"code": "264", "name": "Bobasi", "slug": "bobasi", "county_code": "045"},
  {"code": "265", "name": "Bomachoge Chache", "slug": "bomachoge-chache", "county_code": "045"},
  {"code": "266", "name": "Nyaribari Masaba", "slug": "nyaribari-masaba", "county_code": "045"},
  {"code": "267", "name": "Nyaribari Chache", "slug": "nyaribari-chache", "county_code": "045"},
  {"code": "268", "name": "Kitutu Chache North", "slug": "kitutu-chache-north", "county_code": "045"},
  {"code": "269", "name": "Kitutu Chache South", "slug": "kitutu-chache-south", "county_code": "045"},
  {"code": "270", "name": "Kitutu Masaba", "slug": "kitutu-masaba", "county_code": "046"},
  {"code": "271", "name": "West Mugirango", "slug": "west-mugirango", "county_code": "046"},
  {"code": "272", "name": "North Mugirango", "slug": "north-mugirango", "county_code": "046"},
  {"code": "273", "name": "Borabu", "slug": "borabu", "county_code": "046"},
  {"code": "274", "name": "Westlands", "slug": "westlands", "county_code": "047"},
  {"code": "275", "name": "Dagoretti North", "slug": "dagoretti-north", "county_code": "047"},
  {"code": "276", "name": "Dagoretti South", "slug": "dagoretti-south", "county_code": "047"},
  {"code": "277", "name": "Langata", "slug": "langata", "county_code": "047"},
  {"code": "278", "name": "Kibra", "slug": "kibra", "county_code": "047"},
  {"code": "279", "name": "Roysambu", "slug": "roysambu", "county_code": "047"},
  {"code": "280", "name": "Kasarani", "slug": "kasarani", "county_code": "047"},
  {"code": "281", "name": "Ruaraka", "slug": "ruaraka", "county_code": "047"},
  {"code": "282", "name": "Embakasi South", "slug": "embakasi-south", "county_code": "047"},
  {"code": "283", "name": "Embakasi North", "slug": "embakasi-north", "county_code": "047"},
  {"code": "284", "name": "Embakasi Central", "slug": "embakasi-central", "county_code": "047"},
  {"code": "285", "name": "Embakasi East", "slug": "embakasi-east", "county_code": "047"},
  {"code": "286", "name": "Embakasi West", "slug": "embakasi-west", "county_code": "047"},
  {"code": "287", "name": "Makadara", "slug": "makadara", "county_code": "047"},
  {"code": "288", "name": "Kamukunji", "slug": "kamukunji", "county_code": "047"},
  {"code": "289", "name": "Starehe", "slug": "starehe", "county_code": "047"},
  {"code": "290", "name": "Mathare", "slug": "mathare", "county_code": "047"}
]
